Question,Answer A,Answer B,Answer C,Answer D,Type
It is important to subsidize American farmers.,Strongly Agree,Somewhat Agree,Somewhat Disagree,Strongly Disagree,Agriculture / Food
Farming subsidies (paying Farmers not to grow crops to stabilize prices) cost taxpayers ~$20 billion/year.  Reform is needed to prevent abuse.,Strongly Agree,Somewhat Agree,Somewhat Disagree,Strongly Disagree,Agriculture / Food
The U.S. should legalize the growing of hemp and marijuana to help create new industry.,Strongly Agree,Somewhat Agree,Somewhat Disagree,Strongly Disagree,Agriculture / Food
Government should revamp farming subsidies to exclude large corporations.,Strongly Agree,Somewhat Agree,Somewhat Disagree,Strongly Disagree,Agriculture / Food
"It is important that government continue to support small, local farmers.",Strongly Agree,Somewhat Agree,Somewhat Disagree,Strongly Disagree,Agriculture / Food
We should consider funding community based farms to create opportunity within communities while reducing reliance on large farming corporations.,Strongly Agree,Somewhat Agree,Somewhat Disagree,Strongly Disagree,Agriculture / Food
Government should not be involved in the agriculture industry.,Strongly Agree,Somewhat Agree,Somewhat Disagree,Strongly Disagree,Agriculture / Food
Food production should be nationalized with the intention of producing enough to feed everyone at no cost.,Strongly Agree,Somewhat Agree,Somewhat Disagree,Strongly Disagree,Agriculture / Food
Our collective goal should be to develop ways to make food free to all citizens.,Strongly Agree,Somewhat Agree,Somewhat Disagree,Strongly Disagree,Agriculture / Food
Access to food should be considered a human right.,Strongly Agree,Somewhat Agree,Somewhat Disagree,Strongly Disagree,Agriculture / Food
Factory farming  to mass produce meat is a crime against humanity.,Strongly Agree,Somewhat Agree,Somewhat Disagree,Strongly Disagree,Agriculture / Food
Factory farming is a necessary evil to sustain the population.,Strongly Agree,Somewhat Agree,Somewhat Disagree,Strongly Disagree,Agriculture / Food
Genetically modified food should be labeled as such.,Strongly Agree,Somewhat Agree,Somewhat Disagree,Strongly Disagree,Agriculture / Food
Genetically modified food has many benefits that people are unaware of.,Strongly Agree,Somewhat Agree,Somewhat Disagree,Strongly Disagree,Agriculture / Food
Animal cruelty should have stricter penalties.,Strongly Agree,Somewhat Agree,Somewhat Disagree,Strongly Disagree,Animals
We should reduce meat consumption to help combat global warming.,Strongly Agree,Somewhat Agree,Somewhat Disagree,Strongly Disagree,Animals
We should reduce meat consumption because it is morally wrong.,Strongly Agree,Somewhat Agree,Somewhat Disagree,Strongly Disagree,Animals
The world would be a better place if everyone was a vegetarian.,Strongly Agree,Somewhat Agree,Somewhat Disagree,Strongly Disagree,Animals
Protecting endangered species globally should me a U.S. iniative.,Strongly Agree,Somewhat Agree,Somewhat Disagree,Strongly Disagree,Animals
Animals are lesser beings than humans therefore we should not punish people who act cruelly towards them.,Strongly Agree,Somewhat Agree,Somewhat Disagree,Strongly Disagree,Animals
Warm and attractive animals like puppies and kittens have more rights than ugly animals like rats and cockroaches.,Strongly Agree,Somewhat Agree,Somewhat Disagree,Strongly Disagree,Animals
"Apes, Dolphins, Whales, and other highly intelligent animals should be considered a protected class.",Strongly Agree,Somewhat Agree,Somewhat Disagree,Strongly Disagree,Animals
It is morally acceptable to use live animals for research.,Strongly Agree,Somewhat Agree,Somewhat Disagree,Strongly Disagree,Animals
We will never be at peace with our collective selves until we better control our impact on animals and their habitats.,Strongly Agree,Somewhat Agree,Somewhat Disagree,Strongly Disagree,Animals
Factory farming is inhumane.,Strongly Agree,Somewhat Agree,Somewhat Disagree,Strongly Disagree,Animals
Circuses should not be allowed to use animals in their shows.,Strongly Agree,Somewhat Agree,Somewhat Disagree,Strongly Disagree,Animals
Exotic animals should be banned within the U.S.  Having one should carry a strict legal penality.,Strongly Agree,Somewhat Agree,Somewhat Disagree,Strongly Disagree,Animals
We should remove laws restricting the ownership of exotic animals.,Strongly Agree,Somewhat Agree,Somewhat Disagree,Strongly Disagree,Animals
The U.S. Military-Industrial Complex is one of our biggest systemic problems.,Strongly Agree,Somewhat Agree,Somewhat Disagree,Strongly Disagree,Armed Forces & National Security
The U.S. should increase military spending.,Strongly Agree,Somewhat Agree,Somewhat Disagree,Strongly Disagree,Armed Forces & National Security
The U.S. should assassinate suspected terrorists in foreign countries.,Strongly Agree,Somewhat Agree,Somewhat Disagree,Strongly Disagree,Armed Forces & National Security
The U.S. government should reduce military spending.,Strongly Agree,Somewhat Agree,Somewhat Disagree,Strongly Disagree,Armed Forces & National Security
The benefits of using drones for military strikes outweigh the civilian causalities that have been occurring.,Strongly Agree,Somewhat Agree,Somewhat Disagree,Strongly Disagree,Armed Forces & National Security
The U.S. should send ground forces to combat with Syria and ISIS.,Strongly Agree,Somewhat Agree,Somewhat Disagree,Strongly Disagree,Armed Forces & National Security
The U.S. should invest heavily in better data security measures to prevent foreign theft or influence.,Strongly Agree,Somewhat Agree,Somewhat Disagree,Strongly Disagree,Armed Forces & National Security
All Military service should be voluntary - there should be no draft.,Strongly Agree,Somewhat Agree,Somewhat Disagree,Strongly Disagree,Armed Forces & National Security
Repeated use of military force to combat terrorism only spawns more terrorism.,Strongly Agree,Somewhat Agree,Somewhat Disagree,Strongly Disagree,Armed Forces & National Security
The U.S. should never conduct a first strike attack on a potential enemy.,Strongly Agree,Somewhat Agree,Somewhat Disagree,Strongly Disagree,Armed Forces & National Security
Military action that defies international law is sometimes justified. ,Strongly Agree,Somewhat Agree,Somewhat Disagree,Strongly Disagree,Armed Forces & National Security
Martial law is acceptable in certain scenarios.,Strongly Agree,Somewhat Agree,Somewhat Disagree,Strongly Disagree,Armed Forces & National Security
The U.S. should outlaw all forms of torture.,Strongly Agree,Somewhat Agree,Somewhat Disagree,Strongly Disagree,Armed Forces & National Security
"The U.S. Military should be required to publically report all deaths caused by war, including Civilians, Enemies, and Soliders.",Strongly Agree,Somewhat Agree,Somewhat Disagree,Strongly Disagree,Armed Forces & National Security
Defense spending in the United States has ballooned out of control.,Strongly Agree,Somewhat Agree,Somewhat Disagree,Strongly Disagree,Armed Forces & National Security
"Preemptive war may, at times, be the best option for the U.S.",Strongly Agree,Somewhat Agree,Somewhat Disagree,Strongly Disagree,Armed Forces & National Security
Service in the military should be mandatory.,Strongly Agree,Somewhat Agree,Somewhat Disagree,Strongly Disagree,Armed Forces & National Security
Religious organizations should be allowed to contribute to political campaigns.,Strongly Agree,Somewhat Agree,Somewhat Disagree,Strongly Disagree,Arts / Culture / Religion
Businesses should be able to deny service to a customer if the request conflicts with the owner’s religious beliefs.,Strongly Agree,Somewhat Agree,Somewhat Disagree,Strongly Disagree,Arts / Culture / Religion
The U.S. would be better off without organized religions.,Strongly Agree,Somewhat Agree,Somewhat Disagree,Strongly Disagree,Arts / Culture / Religion
"The government should support a separation of church and state by removing references to God on money, federal buildings, and national monuments.",Strongly Agree,Somewhat Agree,Somewhat Disagree,Strongly Disagree,Arts / Culture / Religion
Tax-exemption for religious organizations violates the separation of Church and State.,Strongly Agree,Somewhat Agree,Somewhat Disagree,Strongly Disagree,Arts / Culture / Religion
Marriage and having children should be a focus of society.,Strongly Agree,Somewhat Agree,Somewhat Disagree,Strongly Disagree,Arts / Culture / Religion
It is wrong to enforce moral behavior through the law because this infringes upon an individual's freedom.,Strongly Agree,Somewhat Agree,Somewhat Disagree,Strongly Disagree,Arts / Culture / Religion
I will always support my country's actions whether they were right or wrong.,Strongly Agree,Somewhat Agree,Somewhat Disagree,Strongly Disagree,Arts / Culture / Religion
Nationalism is a silly thing to be proud of as no person gets to choose the country of their birth.,Strongly Agree,Somewhat Agree,Somewhat Disagree,Strongly Disagree,Arts / Culture / Religion
There is now a worrying fusion of information and entertainment. ,Strongly Agree,Somewhat Agree,Somewhat Disagree,Strongly Disagree,Arts / Culture / Religion
People are ultimately divided more by class than by nationality. ,Strongly Agree,Somewhat Agree,Somewhat Disagree,Strongly Disagree,Arts / Culture / Religion
Tax dollars should not be expected to support museums or theaters that cannot survive on a commercial basis.,Strongly Agree,Somewhat Agree,Somewhat Disagree,Strongly Disagree,Arts / Culture / Religion
There are no savage and civilised peoples; there are only different cultures.,Strongly Agree,Somewhat Agree,Somewhat Disagree,Strongly Disagree,Arts / Culture / Religion
Making peace with the establishment is an important aspect of maturity. ,Strongly Agree,Somewhat Agree,Somewhat Disagree,Strongly Disagree,Arts / Culture / Religion
You cannot be moral without being religious. ,Strongly Agree,Somewhat Agree,Somewhat Disagree,Strongly Disagree,Arts / Culture / Religion
It is important that my child's school instills religious values. ,Strongly Agree,Somewhat Agree,Somewhat Disagree,Strongly Disagree,Arts / Culture / Religion
I am very Patriotic.,Strongly Agree,Somewhat Agree,Somewhat Disagree,Strongly Disagree,Arts / Culture / Religion
The Government should eliminate all subsidies and spending to religious organizations.,Strongly Agree,Somewhat Agree,Somewhat Disagree,Strongly Disagree,Arts / Culture / Religion
I enjoy discussing politics and political theory with friends.,Strongly Agree,Somewhat Agree,Somewhat Disagree,Strongly Disagree,Arts / Culture / Religion
Modern Nationalism is just another word for racism.,Strongly Agree,Somewhat Agree,Somewhat Disagree,Strongly Disagree,Arts / Culture / Religion
The drawing of Mohammed in cartoon form is unacceptable.,Strongly Agree,Somewhat Agree,Somewhat Disagree,Strongly Disagree,Arts / Culture / Religion
Government should respect and cater to the wants of religious individuals and organizations.,Strongly Agree,Somewhat Agree,Somewhat Disagree,Strongly Disagree,Arts / Culture / Religion
Identity politics is one of the most significant problems for U.S. Democracy.,Strongly Agree,Somewhat Agree,Somewhat Disagree,Strongly Disagree,Arts / Culture / Religion
The U.S. lacks a true purpose and direction.,Strongly Agree,Somewhat Agree,Somewhat Disagree,Strongly Disagree,Arts / Culture / Religion
Government sponsorship of arts and music benefit our collective society as a whole.,Strongly Agree,Somewhat Agree,Somewhat Disagree,Strongly Disagree,Arts / Culture / Religion
God(s) should be kept in the public sphere.,Strongly Agree,Somewhat Agree,Somewhat Disagree,Strongly Disagree,Arts / Culture / Religion
Multiculturalism is a crucial part of forming a better country and world.,Strongly Agree,Somewhat Agree,Somewhat Disagree,Strongly Disagree,Arts / Culture / Religion
People should be free to engage or abstain from religious activies that do not violate the rights of others.,Strongly Agree,Somewhat Agree,Somewhat Disagree,Strongly Disagree,Arts / Culture / Religion
Government action should neither aid nor attack any religion.,Strongly Agree,Somewhat Agree,Somewhat Disagree,Strongly Disagree,Arts / Culture / Religion
Members of private organizations can set standards of association and individuals are free to respond with ostracism or boycotts.,Strongly Agree,Somewhat Agree,Somewhat Disagree,Strongly Disagree,Arts / Culture / Religion
"Parents, or other guardians, have the right to raise their children according to their own standards and beliefs.",Strongly Agree,Somewhat Agree,Somewhat Disagree,Strongly Disagree,Arts / Culture / Religion
Religious institutions are necessary pillars of American society.,Strongly Agree,Somewhat Agree,Somewhat Disagree,Strongly Disagree,Arts / Culture / Religion
We should create Laws to protect LGBTQ rights.,Strongly Agree,Somewhat Agree,Somewhat Disagree,Strongly Disagree,Civil Rights
Photo ID should be required to vote.,Strongly Agree,Somewhat Agree,Somewhat Disagree,Strongly Disagree,Civil Rights
Should non-U.S. citizens have the right to vote in U.S. elections?,Yes,No,,,Civil Rights
Convicted criminals should not have the right to vote.,Strongly Agree,Somewhat Agree,Somewhat Disagree,Strongly Disagree,Civil Rights
Gay couples should have the same adoption rights as straight couples.,Strongly Agree,Somewhat Agree,Somewhat Disagree,Strongly Disagree,Civil Rights
“Gender identity” should be added to anti-discrimination laws.,Strongly Agree,Somewhat Agree,Somewhat Disagree,Strongly Disagree,Civil Rights
Access to the internet should be considered a public utility.,Strongly Agree,Somewhat Agree,Somewhat Disagree,Strongly Disagree,Civil Rights
"Government should not censor speech, press, media, or internet.",Strongly Agree,Somewhat Agree,Somewhat Disagree,Strongly Disagree,Civil Rights
Racial discrimination is still a serious problem in the U.S.,Strongly Agree,Somewhat Agree,Somewhat Disagree,Strongly Disagree,Civil Rights
Homosexuality should be accepted by society.,Strongly Agree,Somewhat Agree,Somewhat Disagree,Strongly Disagree,Civil Rights
Homosexuality should be discouraged by society.,Strongly Agree,Somewhat Agree,Somewhat Disagree,Strongly Disagree,Civil Rights
Blacks and Whites have equal rights.,Strongly Agree,Somewhat Agree,Somewhat Disagree,Strongly Disagree,Civil Rights
Systematic racial discrimination is a primary reason why many minorities can’t get ahead these days.,Strongly Agree,Somewhat Agree,Somewhat Disagree,Strongly Disagree,Civil Rights
Each individual enjoys bodily autonomy and have rights that no other individual or group may violate.,Strongly Agree,Somewhat Agree,Somewhat Disagree,Strongly Disagree,Civil Rights
Individuals have the freedom to decie what they knowingly and voluntarily consume.,Strongly Agree,Somewhat Agree,Somewhat Disagree,Strongly Disagree,Civil Rights
"Sexual orientation, preference, gender, or gender identity should have no impact on the government's treatment of individuals.",Strongly Agree,Somewhat Agree,Somewhat Disagree,Strongly Disagree,Civil Rights
"Government should have the autority to define, licenses, or restrict personal relationships.",Strongly Agree,Somewhat Agree,Somewhat Disagree,Strongly Disagree,Civil Rights
Consenting adults should be free to choose their own sexual practices and personal relationships.,Strongly Agree,Somewhat Agree,Somewhat Disagree,Strongly Disagree,Civil Rights
"All people are born with an inherent right to their life, liberty, and property.",Strongly Agree,Somewhat Agree,Somewhat Disagree,Strongly Disagree,Civil Rights
Some rights can impose an obligation upon others to fulfil that right.,Strongly Agree,Somewhat Agree,Somewhat Disagree,Strongly Disagree,Civil Rights
Government should neither deny nor abridge human rihts based upon biological characteristics or personal preferences.,Strongly Agree,Somewhat Agree,Somewhat Disagree,Strongly Disagree,Civil Rights
The U.S. Government should prevent corporate mergers that could potentially monopolize industries.,Strongly Agree,Somewhat Agree,Somewhat Disagree,Strongly Disagree,Commerce
Internet Service Providers should be allowed to speed up access to popular websites (that pay higher rates) at the expense of slowing down access to less popular websites (that pay lower rates)?,Strongly Agree,Somewhat Agree,Somewhat Disagree,Strongly Disagree,Commerce
Government regulation of business is necessary to protect the public interest.,Strongly Agree,Somewhat Agree,Somewhat Disagree,Strongly Disagree,Commerce
Government regulation of business causes more harm than good.,Strongly Agree,Somewhat Agree,Somewhat Disagree,Strongly Disagree,Commerce
Mega-Corporations have a stranglehold on the global economy.,Strongly Agree,Somewhat Agree,Somewhat Disagree,Strongly Disagree,Commerce
Too much power is concentrated in the world's largest companies.,Strongly Agree,Somewhat Agree,Somewhat Disagree,Strongly Disagree,Commerce
Corporations should be free from all governmental restrictions.,Strongly Agree,Somewhat Agree,Somewhat Disagree,Strongly Disagree,Commerce
"If economic globalisation is inevitable, it should primarily serve humanity rather than the interests of trans-national corporations. ",Strongly Agree,Somewhat Agree,Somewhat Disagree,Strongly Disagree,Commerce
We should penalize businesses that mislead the public.,Strongly Agree,Somewhat Agree,Somewhat Disagree,Strongly Disagree,Commerce
Multinational companies are unethically exploiting the plant genetic resources of developing countries.,Strongly Agree,Somewhat Agree,Somewhat Disagree,Strongly Disagree,Commerce
Businesses should be required to have at least one male and/or female on their board of directors?,Strongly Agree,Somewhat Agree,Somewhat Disagree,Strongly Disagree,Commerce
Labor Unions play an important role in our economy to help protect workers.,Strongly Agree,Somewhat Agree,Somewhat Disagree,Strongly Disagree,Commerce
"We should end government barriers to international free trade, even if it makes it harder for America to compete in some industries.",Strongly Agree,Somewhat Agree,Somewhat Disagree,Strongly Disagree,Commerce
"In order to protect the poor from the rich, limits on profits, production mandates, and controls on prices of goods and services are necessary.",Strongly Agree,Somewhat Agree,Somewhat Disagree,Strongly Disagree,Commerce
"For voluntary dealings, parties should be free to trade with who they want and on mutually agreeable terms.",Strongly Agree,Somewhat Agree,Somewhat Disagree,Strongly Disagree,Commerce
Individuals who engage in voluntary exchange should be free to use as money any mutually agreeable commodity or item.,Strongly Agree,Somewhat Agree,Somewhat Disagree,Strongly Disagree,Commerce
Employment and compensation agreements between employers and employees are private and should not be encumbered by social engineering.,Strongly Agree,Somewhat Agree,Somewhat Disagree,Strongly Disagree,Commerce
Impediments to free trade should be abolished.,Strongly Agree,Somewhat Agree,Somewhat Disagree,Strongly Disagree,Commerce
Trade should be regulated by the government.,Strongly Agree,Somewhat Agree,Somewhat Disagree,Strongly Disagree,Commerce
Economic freedom demands te unrestricted movement of human as well as finacial capital across national borders.,Strongly Agree,Somewhat Agree,Somewhat Disagree,Strongly Disagree,Commerce
The Death Penalty should be abolished.,Strongly Agree,Somewhat Agree,Somewhat Disagree,Strongly Disagree,Crime / Law Enforcement
"Stricter penalties should be enforced for ""White Collar"" crimes",Strongly Agree,Somewhat Agree,Somewhat Disagree,Strongly Disagree,Crime / Law Enforcement
Fact:  The U.S. has 5% of the world's population but 20% of the world's prison population.   We need dramatic prison reform. ,Strongly Agree,Somewhat Agree,Somewhat Disagree,Strongly Disagree,Crime / Law Enforcement
All Police Officers should be required to wear body cameras.,Strongly Agree,Somewhat Agree,Somewhat Disagree,Strongly Disagree,Crime / Law Enforcement
Police Officer body camera video should be available to the public by law.,Strongly Agree,Somewhat Agree,Somewhat Disagree,Strongly Disagree,Crime / Law Enforcement
Prisons should ban the use of solitary confinement for juveniles.,Strongly Agree,Somewhat Agree,Somewhat Disagree,Strongly Disagree,Crime / Law Enforcement
Solitary confinement is a form of torture and should be banned.,Strongly Agree,Somewhat Agree,Somewhat Disagree,Strongly Disagree,Crime / Law Enforcement
We should experiment with new types of reform techniques for prisoners such as therapy and counseling.,Strongly Agree,Somewhat Agree,Somewhat Disagree,Strongly Disagree,Crime / Law Enforcement
Do you support the death penalty?,Yes,No ,,,Crime / Law Enforcement
Should the U.S. government grant immunity to Edward Snowden?,Yes,No,,,Crime / Law Enforcement
"The best way to combat substance abuse is through therapy and counseling, not prison and punishment.",Strongly Agree,Somewhat Agree,Somewhat Disagree,Strongly Disagree,Crime / Law Enforcement
The death penalty should be an option for the most serious crimes. ,Strongly Agree,Somewhat Agree,Somewhat Disagree,Strongly Disagree,Crime / Law Enforcement
"In criminal justice, punishment should be more important than rehabilitation. ",Strongly Agree,Somewhat Agree,Somewhat Disagree,Strongly Disagree,Crime / Law Enforcement
Police officers should be prohibited from firing a gun until all other available options have been exhausted.,Strongly Agree,Somewhat Agree,Somewhat Disagree,Strongly Disagree,Crime / Law Enforcement
Targetted surveillance of specific groups of individuals is acceptable practice if it could prevent crimes/attacks.,Strongly Agree,Somewhat Agree,Somewhat Disagree,Strongly Disagree,Crime / Law Enforcement
American Police forces are becoming/have become too militarized.,Strongly Agree,Somewhat Agree,Somewhat Disagree,Strongly Disagree,Crime / Law Enforcement
Strict punishment is the best deterrent for crime.,Strongly Agree,Somewhat Agree,Somewhat Disagree,Strongly Disagree,Crime / Law Enforcement
Marijuana is a gateway drug.,Strongly Agree,Somewhat Agree,Somewhat Disagree,Strongly Disagree,Crime / Law Enforcement
We should develop much stricter punishments for government officials involved in corruption.,Strongly Agree,Somewhat Agree,Somewhat Disagree,Strongly Disagree,Crime / Law Enforcement
Government survelillance should be expanded to combat terrorism.,Strongly Agree,Somewhat Agree,Somewhat Disagree,Strongly Disagree,Crime / Law Enforcement
In order to solve crimes the police need the power to conduct searches and seizures without consent or a warrant.,Strongly Agree,Somewhat Agree,Somewhat Disagree,Strongly Disagree,Crime / Law Enforcement
Criminal laws should be limited to violation of the rights of others through force or fraud.,Strongly Agree,Somewhat Agree,Somewhat Disagree,Strongly Disagree,Crime / Law Enforcement
"""No victim, no crime."" is a valid statement.",Strongly Agree,Somewhat Agree,Somewhat Disagree,Strongly Disagree,Crime / Law Enforcement
Restitution should be paid to victims at the expense of the criminal or negligent wrongdoer.,Strongly Agree,Somewhat Agree,Somewhat Disagree,Strongly Disagree,Crime / Law Enforcement
Dispute resolution cannot be effectively provided by the market and thus require a government controlled justice system.,Strongly Agree,Somewhat Agree,Somewhat Disagree,Strongly Disagree,Crime / Law Enforcement
Prisons as they currently exist should be abolished.,Strongly Agree,Somewhat Agree,Somewhat Disagree,Strongly Disagree,Crime / Law Enforcement
"The only legitimate use of force is in defence of individual rights - life, liberty, and justly acquired property - against aggression.",Strongly Agree,Somewhat Agree,Somewhat Disagree,Strongly Disagree,Crime / Law Enforcement
All people have the right to self-defence and they may agree to be aided by any other individual or group.,Strongly Agree,Somewhat Agree,Somewhat Disagree,Strongly Disagree,Crime / Law Enforcement
People should be prosecuted for excercising their right to self-defence.,Strongly Agree,Somewhat Agree,Somewhat Disagree,Strongly Disagree,Crime / Law Enforcement
State governments should be allowed to use drones to keep a constant surveillance on the populace.,Strongly Agree,Somewhat Agree,Somewhat Disagree,Strongly Disagree,Domestic Surveillance
The U.S. should continue NSA surveillance of our allies.,Strongly Agree,Somewhat Agree,Somewhat Disagree,Strongly Disagree,Domestic Surveillance
Giving up privacy and freedom is a small price to pay to be safe from terrorism.,Strongly Agree,Somewhat Agree,Somewhat Disagree,Strongly Disagree,Domestic Surveillance
Americans should not give up privacy and freedom in order to be safe from terrorism.,Strongly Agree,Somewhat Agree,Somewhat Disagree,Strongly Disagree,Domestic Surveillance
Our civil liberties are being excessively curbed in the name of counter-terrorism. ,Strongly Agree,Somewhat Agree,Somewhat Disagree,Strongly Disagree,Domestic Surveillance
"Although the electronic age makes official surveillance easier, only wrongdoers need to be worried. ",Strongly Agree,Somewhat Agree,Somewhat Disagree,Strongly Disagree,Domestic Surveillance
"Should the NSA (National Security Agency) be allowed to collect basic metadata of citizen’s phone calls such as numbers, timestamps, and call durations?",Yes,No,,,Domestic Surveillance
"""You have nothing to fear if you have nothing to hide"" is a valid statement.",Strongly Agree,Somewhat Agree,Somewhat Disagree,Strongly Disagree,Domestic Surveillance
"People should be secure in their persons, homes, property, and communications.",Strongly Agree,Somewhat Agree,Somewhat Disagree,Strongly Disagree,Domestic Surveillance
Intelligence agencies would be obstructed from preserving security if they were subjected to oversight and transparency.,Strongly Agree,Somewhat Agree,Somewhat Disagree,Strongly Disagree,Domestic Surveillance
All existing pension guarantees should be honored,Strongly Agree,Somewhat Agree,Somewhat Disagree,Strongly Disagree,Economics & Finance
Should localities be able to charge businesses higher property taxes than existing residential property taxes?,Strongly Agree,Somewhat Agree,Somewhat Disagree,Strongly Disagree,Economics & Finance
The government should increase the minimum wage to ensure a living wage.,Strongly Agree,Somewhat Agree,Somewhat Disagree,Strongly Disagree,Economics & Finance
Public program funding should be cut to reduce the national debt.,Strongly Agree,Somewhat Agree,Somewhat Disagree,Strongly Disagree,Economics & Finance
"Should the Federal Reserve Bank be audited by Congress?",Yes,No,,,Economics & Finance
The U.S. should consider alternative currencies than the current Petrol-Dollar.,Strongly Agree,Somewhat Agree,Somewhat Disagree,Strongly Disagree,Economics & Finance
"We should end corporate welfare, aka no government handouts to business",Strongly Agree,Somewhat Agree,Somewhat Disagree,Strongly Disagree,Economics & Finance
We should privatize Social Security and have individuals responsible for funding their personal retirement.,Strongly Agree,Somewhat Agree,Somewhat Disagree,Strongly Disagree,Economics & Finance
48% of Global wealth is controlled by 1% of the population.  This is proof that capitalism needs to be revised.,Strongly Agree,Somewhat Agree,Somewhat Disagree,Strongly Disagree,Economics & Finance
Wall Street firms should be heavily regulated by the government to prevent economic crises.,Strongly Agree,Somewhat Agree,Somewhat Disagree,Strongly Disagree,Economics & Finance
Ensuring economic equality is an important function of government.,Strongly Agree,Somewhat Agree,Somewhat Disagree,Strongly Disagree,Economics & Finance
"Free market banking, with competition among banks and depository instituions of all types, is preferable to a system controlled by a central bank.",Strongly Agree,Somewhat Agree,Somewhat Disagree,Strongly Disagree,Economics & Finance
Profits and losses should be socialised.,Strongly Agree,Somewhat Agree,Somewhat Disagree,Strongly Disagree,Economics & Finance
Inflationary monetary policies and legal tender laws should be abolished.,Strongly Agree,Somewhat Agree,Somewhat Disagree,Strongly Disagree,Economics & Finance
Money should be abolished.,Strongly Agree,Somewhat Agree,Somewhat Disagree,Strongly Disagree,Economics & Finance
Public entities should be able to compete with private enterprise.,Strongly Agree,Somewhat Agree,Somewhat Disagree,Strongly Disagree,Economics & Finance
Should the U.S. Government lend money to private companies that fail (such as the banks) in times of crisis.,Yes,No,,,Economics & Finance
"We should significantly increase taxes on profits earned from the sale of stocks, bonds, and real estate.",Strongly Agree,Somewhat Agree,Somewhat Disagree,Strongly Disagree,Economics & Finance
It is unjust that so much money is earned by individuals who manipulate money but produce nothing for society.,Strongly Agree,Somewhat Agree,Somewhat Disagree,Strongly Disagree,Economics & Finance
Education is one of the nation's highest priorities.,Strongly Agree,Somewhat Agree,Somewhat Disagree,Strongly Disagree,Education
American education needs to be modernized to keep pace with technological growth.,Strongly Agree,Somewhat Agree,Somewhat Disagree,Strongly Disagree,Education
Student Loans reform is needed.,Strongly Agree,Somewhat Agree,Somewhat Disagree,Strongly Disagree,Education
Education funding should not be tied to property taxes as it furthers opportunity divides.,Strongly Agree,Somewhat Agree,Somewhat Disagree,Strongly Disagree,Education
Student loans should be subsidized by taxing the top 1% of U.S. earner.,Strongly Agree,Somewhat Agree,Somewhat Disagree,Strongly Disagree,Education
Public radio and television provide large value to the American public.,Strongly Agree,Somewhat Agree,Somewhat Disagree,Strongly Disagree,Education
Public education should have a stronger focus on analytics capability rather than fact memorization.,Strongly Agree,Somewhat Agree,Somewhat Disagree,Strongly Disagree,Education
The prime purpose of education is to prepare the future generation to find jobs.,Strongly Agree,Somewhat Agree,Somewhat Disagree,Strongly Disagree,Education
Every subject in school should be taught from two opposing perspectives to encourage critical thinking and dialouge.,Strongly Agree,Somewhat Agree,Somewhat Disagree,Strongly Disagree,Education
"Universities should provide ""safe spaces"" for students.",Strongly Agree,Somewhat Agree,Somewhat Disagree,Strongly Disagree,Education
Creating national standards for testing such as Common Core will help better prepare students to succeed.,Strongly Agree,Somewhat Agree,Somewhat Disagree,Strongly Disagree,Education
Education on the U.S. should focus on the Metric system of measurement.,Strongly Agree,Somewhat Agree,Somewhat Disagree,Strongly Disagree,Education
"Supporting ""School Choice"" and charter schools is a positive thing for America.",Strongly Agree,Somewhat Agree,Somewhat Disagree,Strongly Disagree,Education
Public education funds should not be used to support religious or charter schools.,Strongly Agree,Somewhat Agree,Somewhat Disagree,Strongly Disagree,Education
Provision of education should be socialised and made available free of charge.,Strongly Agree,Somewhat Agree,Somewhat Disagree,Strongly Disagree,Education
"Education is best provided by the free market, achieving greater quality, accountability, and efficiency with a more diversity of choice.",Strongly Agree,Somewhat Agree,Somewhat Disagree,Strongly Disagree,Education
"The education of children is the financial responsibility of parents or guardians, not the government.",Strongly Agree,Somewhat Agree,Somewhat Disagree,Strongly Disagree,Education
"The Flint, Michigan water crises would have been resolved much sooner if the demographic majority was not poor black people.",Strongly Agree,Somewhat Agree,Somewhat Disagree,Strongly Disagree,Emergency Management
I am aware of and feel confident in my state's disaster plan.,Strongly Agree,Somewhat Agree,Somewhat Disagree,Strongly Disagree,Emergency Management
It is the responsibility of all Americans to support tax dollars to be used in disaster striken areas.,Strongly Agree,Somewhat Agree,Somewhat Disagree,Strongly Disagree,Emergency Management
The U.S. should have clear emergency plans in place to deal with the effects of climate change.,Strongly Agree,Somewhat Agree,Somewhat Disagree,Strongly Disagree,Emergency Management
There should be repercussions for politicians who do not properly address emergency management issues.,Strongly Agree,Somewhat Agree,Somewhat Disagree,Strongly Disagree,Emergency Management
Data demonstrates that the frequency of natural disasters are increasing steadily - management of these crises should be a top priority.,Strongly Agree,Somewhat Agree,Somewhat Disagree,Strongly Disagree,Emergency Management
"Emergency management should be privatized, it is not the government's responsibility.",Strongly Agree,Somewhat Agree,Somewhat Disagree,Strongly Disagree,Emergency Management
The U.S. government should heavily subsidize clean energy companies.,Strongly Agree,Somewhat Agree,Somewhat Disagree,Strongly Disagree,Energy
Renewable energy should be a top priority for the U.S.,Strongly Agree,Somewhat Agree,Somewhat Disagree,Strongly Disagree,Energy
Nuclear energy should be a considered alternative for the U.S.,Strongly Agree,Somewhat Agree,Somewhat Disagree,Strongly Disagree,Energy
The U.S. should focus on ending it's reliance on fossil fuels as soon as possible.,Strongly Agree,Somewhat Agree,Somewhat Disagree,Strongly Disagree,Energy
We should drill for oil in the currently protected Arctic National Wildlife Refuge.,Strongly Agree,Somewhat Agree,Somewhat Disagree,Strongly Disagree,Energy
Energy conservation needs to be a higher priority for the U.S.,Strongly Agree,Somewhat Agree,Somewhat Disagree,Strongly Disagree,Energy
Oil prices are being kept artificially low because of federal and military intervention.,Strongly Agree,Somewhat Agree,Somewhat Disagree,Strongly Disagree,Energy
Subsidies for energy production should be abolished.,Strongly Agree,Somewhat Agree,Somewhat Disagree,Strongly Disagree,Energy
"Energy pricing, allocation, and production are too important to be left to the market and should be controlled by the government.",Strongly Agree,Somewhat Agree,Somewhat Disagree,Strongly Disagree,Energy
Higher fuel efficiency regulations should be necessary for all vehicles sold in the U.S.,Strongly Agree,Somewhat Agree,Somewhat Disagree,Strongly Disagree,Energy
Continued investment in the production of ethanol from Corn is a great way to create renewable energy in the U.S.,Strongly Agree,Somewhat Agree,Somewhat Disagree,Strongly Disagree,Energy
In order to achieve an economy of abundance we should invest heavily in energy technologies.,Strongly Agree,Somewhat Agree,Somewhat Disagree,Strongly Disagree,Energy
Global warming should be our highest priority.,Strongly Agree,Somewhat Agree,Somewhat Disagree,Strongly Disagree,Environment
The government should increase environmental regulations to combat climate change.,Strongly Agree,Somewhat Agree,Somewhat Disagree,Strongly Disagree,Environment
Hydraulic Fracking to extract oil and natural gas should be banned due to environmental risks.,Strongly Agree,Somewhat Agree,Somewhat Disagree,Strongly Disagree,Environment
"Should disposable products (such as plastic cups, plates, and cutlery) that contain less than 50% of biodegradable material be banned?",Yes,No,,,Environment
Strict environmental laws and regulations harm the economy and cost jobs.,Strongly Agree,Somewhat Agree,Somewhat Disagree,Strongly Disagree,Environment
Private landowners do not have an incentive to maintain natural resources and as such need to be regulated by the government.,Strongly Agree,Somewhat Agree,Somewhat Disagree,Strongly Disagree,Environment
To prevent government pollution and miuse of natural resources public land should be privatised.,Strongly Agree,Somewhat Agree,Somewhat Disagree,Strongly Disagree,Environment
"Protecting the environment requires that resources like land, water, air, and wildlife be held in common and private ownership restricted.",Strongly Agree,Somewhat Agree,Somewhat Disagree,Strongly Disagree,Environment
"The proit motive stifles the innovations and behavioural changes required to protect the environment, requiring intervention in the market.",Strongly Agree,Somewhat Agree,Somewhat Disagree,Strongly Disagree,Environment
Environmental advocates and social pressure are a more effective means of changing public behaviour than government action.,Strongly Agree,Somewhat Agree,Somewhat Disagree,Strongly Disagree,Environment
Global warming is a hoax.,Yes,No,,,Environment
"The State should decide if citizens have a right to carry handguns openly on their hips without applying for or receiving a “permit""?",Strongly Agree,Somewhat Agree,Somewhat Disagree,Strongly Disagree,Firearms
People on the “no-fly list” should be banned from purchasing guns and ammunition.,Strongly Agree,Somewhat Agree,Somewhat Disagree,Strongly Disagree,Firearms
Strong gun ownership rights protect the people against tyranny.,Strongly Agree,Somewhat Agree,Somewhat Disagree,Strongly Disagree,Firearms
There should be more restrictions on the current process of purchasing a gun.,Strongly Agree,Somewhat Agree,Somewhat Disagree,Strongly Disagree,Firearms
Victims of gun violence should be allowed to sue firearms dealers and manufacturers.,Strongly Agree,Somewhat Agree,Somewhat Disagree,Strongly Disagree,Firearms
Individuals do not have the right to keep and bear arms.,Strongly Agree,Somewhat Agree,Somewhat Disagree,Strongly Disagree,Firearms
"Government should restrict, register, and monitor ownership, manufacture, and transfer of firearms and ammunition.",Strongly Agree,Somewhat Agree,Somewhat Disagree,Strongly Disagree,Firearms
"The Second Amendment was intended to allow states to maintain the equivalent of today's National Guard units, not designed to have heavily armed citizens.",Strongly Agree,Somewhat Agree,Somewhat Disagree,Strongly Disagree,Firearms
Sales of automatic weapons should be banned nationally.,Strongly Agree,Somewhat Agree,Somewhat Disagree,Strongly Disagree,Firearms
The Constitution's framers guaranteed peoples' right to possess and carry just about any sort of firearm,Strongly Agree,Somewhat Agree,Somewhat Disagree,Strongly Disagree,Firearms
Fact:  U.S. Gun homicides are significantly higher than other Westernized nations.  - This is an acceptable cost for having ease of access to firearms.,Strongly Agree,Somewhat Agree,Somewhat Disagree,Strongly Disagree,Firearms
Would the crime rate in the U.S. be lower if there were fewer guns available? ,Yes,No,,,Firearms
Guns deter crime.,Strongly Agree,Somewhat Agree,Somewhat Disagree,Strongly Disagree,Firearms
We should expand access to firearms within the U.S.,Strongly Agree,Somewhat Agree,Somewhat Disagree,Strongly Disagree,Firearms
The U.S. should take active measures to ensure the success of a global order.,Strongly Agree,Somewhat Agree,Somewhat Disagree,Strongly Disagree,Foreign Policy
The U.S. should reduce aid to countries that are funding/supply terrorist organizations.,Strongly Agree,Somewhat Agree,Somewhat Disagree,Strongly Disagree,Foreign Policy
The U.S. should seek to greatly strengthen our cooperation and relationship with Mexico.,Strongly Agree,Somewhat Agree,Somewhat Disagree,Strongly Disagree,Foreign Policy
The U.S. should seek to greatly strengthen our cooperation and relationship with Canada.,Strongly Agree,Somewhat Agree,Somewhat Disagree,Strongly Disagree,Foreign Policy
"The U.S., Canada, and Mexico should work towards uniting under a single union.",Strongly Agree,Somewhat Agree,Somewhat Disagree,Strongly Disagree,Foreign Policy
It is best for the U.S. to be active in global affairs.,Strongly Agree,Somewhat Agree,Somewhat Disagree,Strongly Disagree,Foreign Policy
American involvement in foreign affairs typically makes things worse.,Strongly Agree,Somewhat Agree,Somewhat Disagree,Strongly Disagree,Foreign Policy
Global problems would be much worse without American involvement in foreign affairs.,Strongly Agree,Somewhat Agree,Somewhat Disagree,Strongly Disagree,Foreign Policy
The U.S. should do a better job of complying with and supporting international laws.,Strongly Agree,Somewhat Agree,Somewhat Disagree,Strongly Disagree,Foreign Policy
"For America to regain its spot as a world leader we need to fundementally redefine what makes us ""great"".",Strongly Agree,Somewhat Agree,Somewhat Disagree,Strongly Disagree,Foreign Policy
America should avoid becoming involved in foreign issues.,Strongly Agree,Somewhat Agree,Somewhat Disagree,Strongly Disagree,Foreign Policy
Total nuclear disarmerment on a global scale is  very important.,Strongly Agree,Somewhat Agree,Somewhat Disagree,Strongly Disagree,Foreign Policy
If a country is found to be manipulating its currency the U.S. should work with the WTO (World Trade Organization) to stop them.,Strongly Agree,Somewhat Agree,Somewhat Disagree,Strongly Disagree,Foreign Policy
The U.S. should intervene in other nations affairs to promote democracy.,Strongly Agree,Somewhat Agree,Somewhat Disagree,Strongly Disagree,Foreign Policy
In order to preserve global stability the government needs to embrace foreign political alliances and act as a policeman for the world.,Strongly Agree,Somewhat Agree,Somewhat Disagree,Strongly Disagree,Foreign Policy
Foreign policy should seek to keep a nation in a position of strength relative to other nations.,Strongly Agree,Somewhat Agree,Somewhat Disagree,Strongly Disagree,Foreign Policy
Foreign policy should emphasise defence against attack from abroad and enhance the likelihood of peace by avoiding foreign entanglements.,Strongly Agree,Somewhat Agree,Somewhat Disagree,Strongly Disagree,Foreign Policy
"Foreign intervention, including mimlitary and economic aid, are necessary for preserving the security of the nation.",Strongly Agree,Somewhat Agree,Somewhat Disagree,Strongly Disagree,Foreign Policy
The U.S. should provide foreign aid to help curb rainforest deforestation.,Strongly Agree,Somewhat Agree,Somewhat Disagree,Strongly Disagree,Foreign Policy
How important is transparency in governance?,Extremely Important,Somewhat Important,Not Very Important,Not at all important,Government Operation & Politics
Citizens United states that corporations have the same rights as people.  What do you think?,Strongly Agree,Somewhat Agree,Somewhat Disagree,Strongly Disagree,Government Operation & Politics
U.S. military spending should be reduced to fund social programs.,Strongly Agree,Somewhat Agree,Somewhat Disagree,Strongly Disagree,Government Operation & Politics
Elected officials should be required to release their tax returns.,Strongly Agree,Somewhat Agree,Somewhat Disagree,Strongly Disagree,Government Operation & Politics
I trust the U.S. Government to have my best interest in mind.,Strongly Agree,Somewhat Agree,Somewhat Disagree,Strongly Disagree,Government Operation & Politics
Ethics reform is a high priority,Strongly Agree,Somewhat Agree,Somewhat Disagree,Strongly Disagree,Government Operation & Politics
All public campaigns should have strict monetary spending limits,Strongly Agree,Somewhat Agree,Somewhat Disagree,Strongly Disagree,Government Operation & Politics
Foreign lobbyists should be allowed to raise money for American elections.,Strongly Agree,Somewhat Agree,Somewhat Disagree,Strongly Disagree,Government Operation & Politics
There should be a limit to the amount of money a candidate can receive from a donor.,Strongly Agree,Somewhat Agree,Somewhat Disagree,Strongly Disagree,Government Operation & Politics
There should be a limit to the amount of money a candidate can spend on a political campaign.,Strongly Agree,Somewhat Agree,Somewhat Disagree,Strongly Disagree,Government Operation & Politics
Should states be allowed to display the Confederate flag on government property?,Yes,No,,,Government Operation & Politics
Term limits for members of Congress are needed.,Strongly Agree,Somewhat Agree,Somewhat Disagree,Strongly Disagree,Government Operation & Politics
"The government should be allowed to seize private property, with reasonable compensation, for public or civic use?",Strongly Agree,Somewhat Agree,Somewhat Disagree,Strongly Disagree,Government Operation & Politics
Corporations should be allowed to spend money on political campaigns as outlined in Citizens United.,Strongly Agree,Somewhat Agree,Somewhat Disagree,Strongly Disagree,Government Operation & Politics
"The redrawing of Congressional districts should be controlled by an independent, non-partisan commission",Strongly Agree,Somewhat Agree,Somewhat Disagree,Strongly Disagree,Government Operation & Politics
Small government is not feasible in today's globalized world.,Strongly Agree,Somewhat Agree,Somewhat Disagree,Strongly Disagree,Government Operation & Politics
Government spending and management is wasteful and inefficient.,Strongly Agree,Somewhat Agree,Somewhat Disagree,Strongly Disagree,Government Operation & Politics
Government spending and management is handled better than most people give credit for.,Strongly Agree,Somewhat Agree,Somewhat Disagree,Strongly Disagree,Government Operation & Politics
Diplomacy is the best pathway to global peace.,Strongly Agree,Somewhat Agree,Somewhat Disagree,Strongly Disagree,Government Operation & Politics
Military strength is the best pathway to global peace.,Strongly Agree,Somewhat Agree,Somewhat Disagree,Strongly Disagree,Government Operation & Politics
"Politics has become a ""team"" sport and that is bad for the country.",Strongly Agree,Somewhat Agree,Somewhat Disagree,Strongly Disagree,Government Operation & Politics
U.S. democracy should be more agile in its ability to act.,Strongly Agree,Somewhat Agree,Somewhat Disagree,Strongly Disagree,Government Operation & Politics
The Constitution should be updated to reflect the Information Age.,Strongly Agree,Somewhat Agree,Somewhat Disagree,Strongly Disagree,Government Operation & Politics
A primary focus of U.S. politicians should be to pass laws to eliminate opportunities for corruption.,Strongly Agree,Somewhat Agree,Somewhat Disagree,Strongly Disagree,Government Operation & Politics
The Electoral College should be abolished.,Strongly Agree,Somewhat Agree,Somewhat Disagree,Strongly Disagree,Government Operation & Politics
I have considered running for public office in the past.,Strongly Agree,Somewhat Agree,Somewhat Disagree,Strongly Disagree,Government Operation & Politics
Running for public office is something that interests me.,Strongly Agree,Somewhat Agree,Somewhat Disagree,Strongly Disagree,Government Operation & Politics
The current President of the U.S. is doing a great job.,Strongly Agree,Somewhat Agree,Somewhat Disagree,Strongly Disagree,Government Operation & Politics
Most politicians are honest individuals who genuinely want to help.,Strongly Agree,Somewhat Agree,Somewhat Disagree,Strongly Disagree,Government Operation & Politics
The majority of politicians in the U.S. are corrupt.,Strongly Agree,Somewhat Agree,Somewhat Disagree,Strongly Disagree,Government Operation & Politics
If voting changed anything it would be abolished.,Strongly Agree,Somewhat Agree,Somewhat Disagree,Strongly Disagree,Government Operation & Politics
It is the responsibility of every citizen in the U.S. to vote.,Strongly Agree,Somewhat Agree,Somewhat Disagree,Strongly Disagree,Government Operation & Politics
Voting should be legally required for U.S. citizens.,Strongly Agree,Somewhat Agree,Somewhat Disagree,Strongly Disagree,Government Operation & Politics
"Assuming a well informed populace and the technology to implement it, Direct Democracy would be a better system of governance.",Strongly Agree,Somewhat Agree,Somewhat Disagree,Strongly Disagree,Government Operation & Politics
We should have stronger laws in place to prevent abuse of Presidential office.,Strongly Agree,Somewhat Agree,Somewhat Disagree,Strongly Disagree,Government Operation & Politics
Public debates about specific issues should be held for all political office positions.,Strongly Agree,Somewhat Agree,Somewhat Disagree,Strongly Disagree,Government Operation & Politics
Political candidates should be required to release their recent tax returns.,Strongly Agree,Somewhat Agree,Somewhat Disagree,Strongly Disagree,Government Operation & Politics
"Corporations, Unions, and Non-Profit organizations should be allowed to donate to political campaigns.",Strongly Agree,Somewhat Agree,Somewhat Disagree,Strongly Disagree,Government Operation & Politics
There should be a 5-year ban on White House and Congressional officials from becoming lobbyists after they leave the government?,Strongly Agree,Somewhat Agree,Somewhat Disagree,Strongly Disagree,Government Operation & Politics
"Should a politician, who has been formerly convicted of a crime, be allowed to run for office?",Yes,No,,,Government Operation & Politics
Gerrymandering (redrawing of Congressional Districts) should be controlled by an independent organization.,Strongly Agree,Somewhat Agree,Somewhat Disagree,Strongly Disagree,Government Operation & Politics
Should a photo ID be required to vote?,Yes,No,,,Government Operation & Politics
"Government should support a separation of church and state by removing references to God on money, federal buildings, and national monuments?",Strongly Agree,Somewhat Agree,Somewhat Disagree,Strongly Disagree,Government Operation & Politics
Establishing a global world order should be a priority for the U.S.,Strongly Agree,Somewhat Agree,Somewhat Disagree,Strongly Disagree,Government Operation & Politics
The Pentagon should be audited annually to promote transparency in the spending of tax dollars.,Strongly Agree,Somewhat Agree,Somewhat Disagree,Strongly Disagree,Government Operation & Politics
Voter registration should be able to be completed online.,Strongly Agree,Somewhat Agree,Somewhat Disagree,Strongly Disagree,Government Operation & Politics
Dark money in politics is one of the largest problems in the U.S. political system.,Strongly Agree,Somewhat Agree,Somewhat Disagree,Strongly Disagree,Government Operation & Politics
Smaller government with fewer public services is the best path for the U.S. to pursue.,Strongly Agree,Somewhat Agree,Somewhat Disagree,Strongly Disagree,Government Operation & Politics
Larger government with more public services is the best path for the U.S. to take pursue.,Strongly Agree,Somewhat Agree,Somewhat Disagree,Strongly Disagree,Government Operation & Politics
Executive power should be reduced.,Strongly Agree,Somewhat Agree,Somewhat Disagree,Strongly Disagree,Government Operation & Politics
Executive power should be expanded.,Strongly Agree,Somewhat Agree,Somewhat Disagree,Strongly Disagree,Government Operation & Politics
Government transparency is vital to ensuring accountability.,Strongly Agree,Somewhat Agree,Somewhat Disagree,Strongly Disagree,Government Operation & Politics
Eminent domain and civil asset forfeiture should be abolished.,Strongly Agree,Somewhat Agree,Somewhat Disagree,Strongly Disagree,Government Operation & Politics
Every U.S. citizen is entitled to free health care.,Strongly Agree,Somewhat Agree,Somewhat Disagree,Strongly Disagree,Healthcare
Planned Parenthood should receive government funding.,Strongly Agree,Somewhat Agree,Somewhat Disagree,Strongly Disagree,Healthcare
Abortion should be outlawed as it is ending the life of a conscious being.,Strongly Agree,Somewhat Agree,Somewhat Disagree,Strongly Disagree,Healthcare
We should dedicate more public funding to solving the Opiod crisis in the U.S.,Strongly Agree,Somewhat Agree,Somewhat Disagree,Strongly Disagree,Healthcare
Medical Marijuana should be legalized nationally.,Strongly Agree,Somewhat Agree,Somewhat Disagree,Strongly Disagree,Healthcare
Prices of medical drugs should be regulated by the government.,Strongly Agree,Somewhat Agree,Somewhat Disagree,Strongly Disagree,Healthcare
Insurance companies should be able to deny coverage to individuals with pre-existing conditions.,Strongly Agree,Somewhat Agree,Somewhat Disagree,Strongly Disagree,Healthcare
The government should require children to be vaccinated for preventable diseases.,Strongly Agree,Somewhat Agree,Somewhat Disagree,Strongly Disagree,Healthcare
Should terminally ill patients be allowed to end their lives via assisted suicide?,Yes,No,,,Healthcare
Assisted suicide for terminally ill individuals should be legalized.,Strongly Agree,Somewhat Agree,Somewhat Disagree,Strongly Disagree,Healthcare
All drugs should be decriminalized and taxed.,Strongly Agree,Somewhat Agree,Somewhat Disagree,Strongly Disagree,Healthcare
Those with the ability to pay should have access to higher standards of medical care. ,Strongly Agree,Somewhat Agree,Somewhat Disagree,Strongly Disagree,Healthcare
People with serious inheritable disabilities should not be allowed to reproduce. ,Strongly Agree,Somewhat Agree,Somewhat Disagree,Strongly Disagree,Healthcare
Loosening regulations on pharmasuitical research would allow for more innovation and save lives.,Strongly Agree,Somewhat Agree,Somewhat Disagree,Strongly Disagree,Healthcare
Terminally ill patients should be allowed to end their lives via assisted suicide.,Strongly Agree,Somewhat Agree,Somewhat Disagree,Strongly Disagree,Healthcare
Both the State and Federal government have no right to regulate abortion.,Strongly Agree,Somewhat Agree,Somewhat Disagree,Strongly Disagree,Healthcare
The right to have an abortion is a personal choice and should not be regulated by the government.,Strongly Agree,Somewhat Agree,Somewhat Disagree,Strongly Disagree,Healthcare
Health insurance providers should be required to offer free birth control.,Strongly Agree,Somewhat Agree,Somewhat Disagree,Strongly Disagree,Healthcare
Should health insurers be allowed to deny coverage to individuals who have a pre-existing condition?,Yes,No,Somewhat Disagree,Strongly Disagree,Healthcare
Government should regulate the prices of life-saving drugs.,Strongly Agree,Somewhat Agree,Somewhat Disagree,Strongly Disagree,Healthcare
Businesess should be required to provide paid leave for full-time employees during the birth of a child.,Strongly Agree,Somewhat Agree,Somewhat Disagree,Strongly Disagree,Healthcare
Businesess should be required to provide paid leave for full-time employees to care for a sick family member.,Strongly Agree,Somewhat Agree,Somewhat Disagree,Strongly Disagree,Healthcare
Congress should be subject to the same healthcare options as the average U.S. citizen.,Strongly Agree,Somewhat Agree,Somewhat Disagree,Strongly Disagree,Healthcare
Access to abortion should be regulated by the government.,Strongly Agree,Somewhat Agree,Somewhat Disagree,Strongly Disagree,Healthcare
Health insurance companies exploit the sic and dying to make a profit and therefore should be regulated by the government.,Strongly Agree,Somewhat Agree,Somewhat Disagree,Strongly Disagree,Healthcare
"Individuals should be free to determine the level of health insurance they want, if any.",Strongly Agree,Somewhat Agree,Somewhat Disagree,Strongly Disagree,Healthcare
Healthcare should be provided by the free market.,Strongly Agree,Somewhat Agree,Somewhat Disagree,Strongly Disagree,Healthcare
Suicide and euthanasia should be illegal.,Strongly Agree,Somewhat Agree,Somewhat Disagree,Strongly Disagree,Healthcare
Recreational Marijuana should be legalized nationally.,Strongly Agree,Somewhat Agree,Somewhat Disagree,Strongly Disagree,Healthcare
People who become addicted to drugs are weak and should be left to their own resolve.,Strongly Agree,Somewhat Agree,Somewhat Disagree,Strongly Disagree,Healthcare
Private property is a major cause of class inequality.,Strongly Agree,Somewhat Agree,Somewhat Disagree,Strongly Disagree,Housing / Community
Land should not be a commodity to be bought and sold.,Strongly Agree,Somewhat Agree,Somewhat Disagree,Strongly Disagree,Housing / Community
Purchasing a home is a good investment.,Strongly Agree,Somewhat Agree,Somewhat Disagree,Strongly Disagree,Housing / Community
Private property owners have the right to control and enjoy their property so long as their choices do not harm nor infringe on the rights of others.,Strongly Agree,Somewhat Agree,Somewhat Disagree,Strongly Disagree,Housing / Community
Low income housing is a good thing for neighborhoods because it integrates and diversifies communities.,Strongly Agree,Somewhat Agree,Somewhat Disagree,Strongly Disagree,Housing / Community
Low income housing is fine so long as it is not in my neighborhood.,Strongly Agree,Somewhat Agree,Somewhat Disagree,Strongly Disagree,Housing / Community
Improving the quality of low income housing will enable a better quality of life for the impoverished which would be better overall for society.,Strongly Agree,Somewhat Agree,Somewhat Disagree,Strongly Disagree,Housing / Community
We need to better regulate landlords who own and operate low income housing.,Strongly Agree,Somewhat Agree,Somewhat Disagree,Strongly Disagree,Housing / Community
Low income housing subsidies should be abolished.,Strongly Agree,Somewhat Agree,Somewhat Disagree,Strongly Disagree,Housing / Community
It is not the responsibility of taxpayers to fund subsidies for low income housing.,Strongly Agree,Somewhat Agree,Somewhat Disagree,Strongly Disagree,Housing / Community
Non-citizen immigrants should be deported if they commit a violent crime.,Strongly Agree,Somewhat Agree,Somewhat Disagree,Strongly Disagree,Immigration
Non-citizen immigrants should be deported if they commit a non-violent crime.,Strongly Agree,Somewhat Agree,Somewhat Disagree,Strongly Disagree,Immigration
Non-citizen immigrants should have access to U.S. healthcare.,Strongly Agree,Somewhat Agree,Somewhat Disagree,Strongly Disagree,Immigration
It is against American values to ban a group of people from entering the U.S. based on race and/or religion.,Strongly Agree,Somewhat Agree,Somewhat Disagree,Strongly Disagree,Immigration
"Illegal immigrants who are working, productive members of society should be given temporary amnesty.",Strongly Agree,Somewhat Agree,Somewhat Disagree,Strongly Disagree,Immigration
Local law enforcement should be allowed to detain illegal immigrants for minor crimes and transfer them to federal immigration authorities.,Strongly Agree,Somewhat Agree,Somewhat Disagree,Strongly Disagree,Immigration
Immigrants strengthen the U.S. society and economy as a whole.,Strongly Agree,Somewhat Agree,Somewhat Disagree,Strongly Disagree,Immigration
Immigrants harm the U.S. society and economy as a whole.,Strongly Agree,Somewhat Agree,Somewhat Disagree,Strongly Disagree,Immigration
First-generation immigrants can never be fully integrated within their new country. ,Strongly Agree,Somewhat Agree,Somewhat Disagree,Strongly Disagree,Immigration
The U.S. should complete a border wall to stop immigration from Mexico.,Strongly Agree,Somewhat Agree,Somewhat Disagree,Strongly Disagree,Immigration
Illegal immigrants should be offered in-state tuition rates at public colleges.,Strongly Agree,Somewhat Agree,Somewhat Disagree,Strongly Disagree,Immigration
Immigrants coming to the U.S. should be required to learn English.,Strongly Agree,Somewhat Agree,Somewhat Disagree,Strongly Disagree,Immigration
The U.S. should increase the amount of temporary work visas for highly skilled immigrants.,Strongly Agree,Somewhat Agree,Somewhat Disagree,Strongly Disagree,Immigration
The U.S. should accept more refugees from Syria.,Strongly Agree,Somewhat Agree,Somewhat Disagree,Strongly Disagree,Immigration
Political freedom and escape from tyranny demand that individuals not be unreasonably constrained in the crossing of borders.,Strongly Agree,Somewhat Agree,Somewhat Disagree,Strongly Disagree,Immigration
Our society would benefit if every 18 year old citizen was required to provide at least one year of military and/or civil volunteer service.,Strongly Agree,Somewhat Agree,Somewhat Disagree,Strongly Disagree,Labor / Employment
Hard work and determination do not guarantee success for the majority of Americans.,Strongly Agree,Somewhat Agree,Somewhat Disagree,Strongly Disagree,Labor / Employment
Hard work and determination will allow anyone to succeed.,Strongly Agree,Somewhat Agree,Somewhat Disagree,Strongly Disagree,Labor / Employment
"The new ""gig economy"" should have government assistance to unionize.",Strongly Agree,Somewhat Agree,Somewhat Disagree,Strongly Disagree,Labor / Employment
"Those who are able to work, and refuse the opportunity, should not expect society's support. ",Strongly Agree,Somewhat Agree,Somewhat Disagree,Strongly Disagree,Labor / Employment
"We need a new labor institution to protect, represent, and organize the new economy of workers of the internet age.",Strongly Agree,Somewhat Agree,Somewhat Disagree,Strongly Disagree,Labor / Employment
We should invest in the retraining and relocation of displaced rural workers.,Strongly Agree,Somewhat Agree,Somewhat Disagree,Strongly Disagree,Labor / Employment
We need a strong focus to bring opportunity and/or relocation efforts to citizens harmed by the shift to clean energy.,Strongly Agree,Somewhat Agree,Somewhat Disagree,Strongly Disagree,Labor / Employment
Both high tech and low tech workers need to unite to create a better labor environment within the U.S.,Strongly Agree,Somewhat Agree,Somewhat Disagree,Strongly Disagree,Labor / Employment
The only ones to blame for the loss of jobs in rural mining towns are the miners for not adapting to modern times and skills.,Strongly Agree,Somewhat Agree,Somewhat Disagree,Strongly Disagree,Labor / Employment
We should ban the sale of assault weapons to the general public,Strongly Agree,Somewhat Agree,Somewhat Disagree,Strongly Disagree,Law
Jurors should have the right to decide whether or not the law in question is constitutional.,Strongly Agree,Somewhat Agree,Somewhat Disagree,Strongly Disagree,Law
It should be legal for police to search automobiles without a warrant,Strongly Agree,Somewhat Agree,Somewhat Disagree,Strongly Disagree,Law
Corporations are people.,Strongly Agree,Somewhat Agree,Somewhat Disagree,Strongly Disagree,Law
We should create strictly defined laws to help protect Whistle Blowers exposing corruption and illegal activities.,Strongly Agree,Somewhat Agree,Somewhat Disagree,Strongly Disagree,Law
Prostitution should be legalized - what two consenting adults want to do is their personal perogitive,Strongly Agree,Somewhat Agree,Somewhat Disagree,Strongly Disagree,Law
Freedom of speech for the individual should be absolute.,Strongly Agree,Somewhat Agree,Somewhat Disagree,Strongly Disagree,Law
Freedom of speech for the individual should have limitations.,Strongly Agree,Somewhat Agree,Somewhat Disagree,Strongly Disagree,Law
Our laws should enforce traditional Judeo-Christian morals and values.,Strongly Agree,Somewhat Agree,Somewhat Disagree,Strongly Disagree,Law
Blasphemy Laws should be reinstated.,Strongly Agree,Somewhat Agree,Somewhat Disagree,Strongly Disagree,Law
Rights such as due process and the presumption of innocence are relics of the past and only interfere with obtaining criminal convictions.,Strongly Agree,Somewhat Agree,Somewhat Disagree,Strongly Disagree,Law
Juries should be able to judge not just the facts of a case but also the justice of the law.,Strongly Agree,Somewhat Agree,Somewhat Disagree,Strongly Disagree,Law
Private property owners should be free to set the rules regarding the presence of weapons on their own property.,Strongly Agree,Somewhat Agree,Somewhat Disagree,Strongly Disagree,Law
Respect for private property rights is fundamental to maintaining a free and prosperous society.,Strongly Agree,Somewhat Agree,Somewhat Disagree,Strongly Disagree,Law
"Contracts to obtain, retain, profit from, manage, or dispose of one's private property should be regulated by the government.",Strongly Agree,Somewhat Agree,Somewhat Disagree,Strongly Disagree,Law
"Individuals have the right to form corporations, cooperatives, and other types of entities based on voluntary association.",Strongly Agree,Somewhat Agree,Somewhat Disagree,Strongly Disagree,Law
Private ownership of the means of production should be abolished.,Strongly Agree,Somewhat Agree,Somewhat Disagree,Strongly Disagree,Law
Private employers and employees should be required by law to bargain with each other through a labour union.,Strongly Agree,Somewhat Agree,Somewhat Disagree,Strongly Disagree,Law
Rights are not inalienable and can be suspended during times of war.,Strongly Agree,Somewhat Agree,Somewhat Disagree,Strongly Disagree,Law
All people have the right to resist tyranny and defend themselves and their rights.,Strongly Agree,Somewhat Agree,Somewhat Disagree,Strongly Disagree,Law
Parents should be able to abuse and neglect their children without fear of intervention.,Strongly Agree,Somewhat Agree,Somewhat Disagree,Strongly Disagree,Law
Without the state there would be chaos and disorder.,Strongly Agree,Somewhat Agree,Somewhat Disagree,Strongly Disagree,Law
The state should be abolished.,Strongly Agree,Somewhat Agree,Somewhat Disagree,Strongly Disagree,Law
Native Americans should be have complete autonomous control over their lands,Strongly Agree,Somewhat Agree,Somewhat Disagree,Strongly Disagree,Native Americans
We should develop a program to create more opportunities for Native Americans,Strongly Agree,Somewhat Agree,Somewhat Disagree,Strongly Disagree,Native Americans
We could learn much from Native cultures across the globe.,Strongly Agree,Somewhat Agree,Somewhat Disagree,Strongly Disagree,Native Americans
Native Americans have received enough compensation from the U.S. government and should be cut off.,Strongly Agree,Somewhat Agree,Somewhat Disagree,Strongly Disagree,Native Americans
It is unreasonable to allow Native Americans to have their own set of laws within U.S. states.,Strongly Agree,Somewhat Agree,Somewhat Disagree,Strongly Disagree,Native Americans
Native Americans should be given more opportunities to succeed and grow.,Strongly Agree,Somewhat Agree,Somewhat Disagree,Strongly Disagree,Native Americans
We should outlaw Oil Pipelines through Native lands.,Strongly Agree,Somewhat Agree,Somewhat Disagree,Strongly Disagree,Native Americans
Native Americans should not be able to resist energy projects in their lands that could benefit the U.S. population as a whole.,Strongly Agree,Somewhat Agree,Somewhat Disagree,Strongly Disagree,Native Americans
Native Americans should get access to free higher education to help develop a new generation of leaders within their community.,Strongly Agree,Somewhat Agree,Somewhat Disagree,Strongly Disagree,Native Americans
Native Americans need to stop complaining about the past and move on.,Strongly Agree,Somewhat Agree,Somewhat Disagree,Strongly Disagree,Native Americans
"It's a sad reflection on our society that something as basic as drinking water is now a bottled, branded consumer product.",Strongly Agree,Somewhat Agree,Somewhat Disagree,Strongly Disagree,Natural Resources
Clean water should be a national iniative with absolutely no exceptions.,Strongly Agree,Somewhat Agree,Somewhat Disagree,Strongly Disagree,Natural Resources
The U.S. National Parks should never be sold to private organizations.,Strongly Agree,Somewhat Agree,Somewhat Disagree,Strongly Disagree,Natural Resources
"Mineral rights belong collectively to the people, not corporations.",Strongly Agree,Somewhat Agree,Somewhat Disagree,Strongly Disagree,Natural Resources
Natural resource management should be left to private corporations.,Strongly Agree,Somewhat Agree,Somewhat Disagree,Strongly Disagree,Natural Resources
"The discussion, debate, and regulation creation relating to the mining of astroids sould take place now before corporations are able to capitalize on it.",Strongly Agree,Somewhat Agree,Somewhat Disagree,Strongly Disagree,Natural Resources
Corporations that rely on the extraction of natural resources should be more heavily regulated.,Strongly Agree,Somewhat Agree,Somewhat Disagree,Strongly Disagree,Natural Resources
Earth's natural resources belong to all citizens and not just a select few corporations.,Strongly Agree,Somewhat Agree,Somewhat Disagree,Strongly Disagree,Natural Resources
Fines for oil spills caused by offshore drilling shoul be dramatically increased.,Strongly Agree,Somewhat Agree,Somewhat Disagree,Strongly Disagree,Natural Resources
Offshore drilling should be banned.,Strongly Agree,Somewhat Agree,Somewhat Disagree,Strongly Disagree,Natural Resources
Offshore drilling is the best ways to create energy independence for the U.S.,Strongly Agree,Somewhat Agree,Somewhat Disagree,Strongly Disagree,Natural Resources
Social media is inundated with fake accounts supporting specific viewpoints.,Strongly Agree,Somewhat Agree,Somewhat Disagree,Strongly Disagree,News / Information
For profit media has done a poor job of keeping the public informed and educated.,Strongly Agree,Somewhat Agree,Somewhat Disagree,Strongly Disagree,News / Information
"""Fake News"" has inflitrated mainstream media to the point where it is now hard to know what is true or false.",Strongly Agree,Somewhat Agree,Somewhat Disagree,Strongly Disagree,News / Information
The White House should be allowed to abstain from holding press conferences.,Strongly Agree,Somewhat Agree,Somewhat Disagree,Strongly Disagree,News / Information
There is a severe need for a centralized source of unbiased and factual political political information.,Strongly Agree,Somewhat Agree,Somewhat Disagree,Strongly Disagree,News / Information
Hate groups must be protected from government censorship.,Strongly Agree,Somewhat Agree,Somewhat Disagree,Strongly Disagree,News / Information
Freedom of expression should be unhindered by government regardless of the content.,Strongly Agree,Somewhat Agree,Somewhat Disagree,Strongly Disagree,News / Information
Hate speech should be banned.,Strongly Agree,Somewhat Agree,Somewhat Disagree,Strongly Disagree,News / Information
The control of communications by government is necessary so as to prevent the spread of ideas that may undermine the stability of the nation.,Strongly Agree,Somewhat Agree,Somewhat Disagree,Strongly Disagree,News / Information
Media creates tremendous problems for the pysche of our society.,Strongly Agree,Somewhat Agree,Somewhat Disagree,Strongly Disagree,News / Information
Leaving media in the hands of private corporations is the best way to ensure distribution of information.,Strongly Agree,Somewhat Agree,Somewhat Disagree,Strongly Disagree,News / Information
Current advertising strategies are harmful to young boys and girls.,Strongly Agree,Somewhat Agree,Somewhat Disagree,Strongly Disagree,News / Information
We are socializing young boys to believe that the way to be a mean is to be powerful and in control.,Strongly Agree,Somewhat Agree,Somewhat Disagree,Strongly Disagree,News / Information
We are socializing young girls to believe that sexuality and looks is the most important trait they may have.,Strongly Agree,Somewhat Agree,Somewhat Disagree,Strongly Disagree,News / Information
"Our society needs to have a collective discussion about exactly what values we want to be passed on to our children, even if that means restricting corporate advertising ability.",Strongly Agree,Somewhat Agree,Somewhat Disagree,Strongly Disagree,News / Information
There are no news media outlets we can trust.,Strongly Agree,Somewhat Agree,Somewhat Disagree,Strongly Disagree,News / Information
Both sides of the for-profit media do more harm than good for the U.S. populace,Strongly Agree,Somewhat Agree,Somewhat Disagree,Strongly Disagree,News / Information
Corporate media is sensationalized in order to generate more views but does not take into account the harm being done to the populace.,Strongly Agree,Somewhat Agree,Somewhat Disagree,Strongly Disagree,News / Information
We should never restrict what for-profit media can/cannot do as it would violate freedom of speech.,Strongly Agree,Somewhat Agree,Somewhat Disagree,Strongly Disagree,News / Information
The reason we have such a large idealogical divide in the U.S. is because individuals are receiving extremely biased information.,Strongly Agree,Somewhat Agree,Somewhat Disagree,Strongly Disagree,News / Information
The U.S. should invest significantly more in scientific research.,Strongly Agree,Somewhat Agree,Somewhat Disagree,Strongly Disagree,Science / Technology
The results of scientific studies funded by U.S. taxes should be public domain.,Strongly Agree,Somewhat Agree,Somewhat Disagree,Strongly Disagree,Science / Technology
Private companies should not be allowed to patent the results of scientific studies funded by U.S. taxes.,Strongly Agree,Somewhat Agree,Somewhat Disagree,Strongly Disagree,Science / Technology
Space travel and exploration should be a top priority in the U.S.,Strongly Agree,Somewhat Agree,Somewhat Disagree,Strongly Disagree,Science / Technology
Should the government fund space travel?,Yes,No,,,Science / Technology
Automation of production is a very positive advancement for the U.S.,Strongly Agree,Somewhat Agree,Somewhat Disagree,Strongly Disagree,Science / Technology
Technology is growing exponentially; we need to shift our paradigm of thought and governence to include this fact.,Strongly Agree,Somewhat Agree,Somewhat Disagree,Strongly Disagree,Science / Technology
State/Federal government should subsidize degrees in STEM fields.,Strongly Agree,Somewhat Agree,Somewhat Disagree,Strongly Disagree,Science / Technology
The U.S. should convert to the Metric system of measurement.,Strongly Agree,Somewhat Agree,Somewhat Disagree,Strongly Disagree,Science / Technology
The U.S. should be investing heavily in Genetics research.,Strongly Agree,Somewhat Agree,Somewhat Disagree,Strongly Disagree,Science / Technology
The U.S. should be investing heavily in Robotics research.,Strongly Agree,Somewhat Agree,Somewhat Disagree,Strongly Disagree,Science / Technology
The U.S. should be investing heavily in Nanotechnology research.,Strongly Agree,Somewhat Agree,Somewhat Disagree,Strongly Disagree,Science / Technology
Intelligent Design is a valid scientific theory,Strongly Agree,Somewhat Agree,Somewhat Disagree,Strongly Disagree,Science / Technology
If the U.S. wants to continue to be a global leader science research must be our top priority.,Strongly Agree,Somewhat Agree,Somewhat Disagree,Strongly Disagree,Science / Technology
We should start a global space exploration program open to all nations who want to contribute.,Strongly Agree,Somewhat Agree,Somewhat Disagree,Strongly Disagree,Science / Technology
Welfare recipients should be periodically drug tested.,Strongly Agree,Somewhat Agree,Somewhat Disagree,Strongly Disagree,Social Welfare
"Every individual should be entitled to food, water, shelter, and a little extra.",Strongly Agree,Somewhat Agree,Somewhat Disagree,Strongly Disagree,Social Welfare
Eliminating poverty and the class structure is a critical issue.,Strongly Agree,Somewhat Agree,Somewhat Disagree,Strongly Disagree,Social Welfare
Poor people have too many government benefits.,Strongly Agree,Somewhat Agree,Somewhat Disagree,Strongly Disagree,Social Welfare
Giving poor people benefits is not enough to help elevate their abilities and potential.,Strongly Agree,Somewhat Agree,Somewhat Disagree,Strongly Disagree,Social Welfare
Until we are able to provide basic needs to all citizens we will never eliminate our poverty problem.,Strongly Agree,Somewhat Agree,Somewhat Disagree,Strongly Disagree,Social Welfare
Providing assistance to the poor is harmful as it makes them dependent on government assistance.,Strongly Agree,Somewhat Agree,Somewhat Disagree,Strongly Disagree,Social Welfare
We should ban the spreading of intentionally misleading information designed to deceive the public.,Strongly Agree,Somewhat Agree,Somewhat Disagree,Strongly Disagree,Social Welfare
The retirement age for Social Security needs to be raised.,Strongly Agree,Somewhat Agree,Somewhat Disagree,Strongly Disagree,Social Welfare
Provision of the internet should be socialised and made available free of charge.,Strongly Agree,Somewhat Agree,Somewhat Disagree,Strongly Disagree,Social Welfare
"Police, fire, and ambulance services should be provided by the market.",Strongly Agree,Somewhat Agree,Somewhat Disagree,Strongly Disagree,Social Welfare
People should be ree to choose which products and services they wish to purchase and not be forced to pay for something against their will.,Strongly Agree,Somewhat Agree,Somewhat Disagree,Strongly Disagree,Social Welfare
"Subsidies and bailouts to business, labour, and other special interests should be abolished.",Strongly Agree,Somewhat Agree,Somewhat Disagree,Strongly Disagree,Social Welfare
Membership in a labour union should be a requirement for obtaining employment.,Strongly Agree,Somewhat Agree,Somewhat Disagree,Strongly Disagree,Social Welfare
Compulsory arbitration and obligations to bargain are necessary to ensure that bosses do not exploit their workers.,Strongly Agree,Somewhat Agree,Somewhat Disagree,Strongly Disagree,Social Welfare
Provision of health care should be socialised and made available free of charge.,Strongly Agree,Somewhat Agree,Somewhat Disagree,Strongly Disagree,Social Welfare
"Not all individuals will take responsibility for planning their retirement, therefore an age pension should be provided.",Strongly Agree,Somewhat Agree,Somewhat Disagree,Strongly Disagree,Social Welfare
"Socialised welfare programs should be phased out and replaced with a private voluntary system based on insurance, charity, and mutual aid.",Strongly Agree,Somewhat Agree,Somewhat Disagree,Strongly Disagree,Social Welfare
"Most people will not voluntarily help the poor, therefore it is incumbent on the government to provide welfare services so as to combat poverty.",Strongly Agree,Somewhat Agree,Somewhat Disagree,Strongly Disagree,Social Welfare
Charity and civil society will weaken if government does not have the power to direct such activity.,Strongly Agree,Somewhat Agree,Somewhat Disagree,Strongly Disagree,Social Welfare
All Taxation is theft.,Strongly Agree,Somewhat Agree,Somewhat Disagree,Strongly Disagree,Taxation
Taxes on the wealthy should be increased significantly.,Strongly Agree,Somewhat Agree,Somewhat Disagree,Strongly Disagree,Taxation
The U.S. should lower taxes on corporations.,Strongly Agree,Somewhat Agree,Somewhat Disagree,Strongly Disagree,Taxation
The U.S. should raise taxes on corporations.,Strongly Agree,Somewhat Agree,Somewhat Disagree,Strongly Disagree,Taxation
Should the President offer tax breaks to specific companies to keep jobs in the U.S.?,Yes,No,,,Taxation
We should dramatically increase the inheritance tax,Strongly Agree,Somewhat Agree,Somewhat Disagree,Strongly Disagree,Taxation
Inheritance tax should increase significantly after reaching a specific dollar amount.,Strongly Agree,Somewhat Agree,Somewhat Disagree,Strongly Disagree,Taxation
"Would you favor an increased sales tax in order to reduce property taxes",Yes,No,,,Taxation
Removing deductions for the wealthiest Americans would be a great way to generate funds for more social programs.,Strongly Agree,Somewhat Agree,Somewhat Disagree,Strongly Disagree,Taxation
The Estate Tax of 40% applies to estates with a value greater than $5.45 million; we should lower the threshold to $3 million.,Strongly Agree,Somewhat Agree,Somewhat Disagree,Strongly Disagree,Taxation
Businesses should be required to pay salaried employees making up to $46k/year time-and-a-half for overtime hours.,Strongly Agree,Somewhat Agree,Somewhat Disagree,Strongly Disagree,Taxation
People who think they are entitled to keep all that they earn are being selfish and should be forced to pay their fair share.,Strongly Agree,Somewhat Agree,Somewhat Disagree,Strongly Disagree,Taxation
"""Taxation is the price we pay for civilization"" is a valid statement.",Strongly Agree,Somewhat Agree,Somewhat Disagree,Strongly Disagree,Taxation
Government budgets should be balanced by curbing expenditure and not by raising taxes.,Strongly Agree,Somewhat Agree,Somewhat Disagree,Strongly Disagree,Taxation
Rebuilding transportation infastructure is a critical priority of the U.S.,Strongly Agree,Somewhat Agree,Somewhat Disagree,Strongly Disagree,Transportation
Federal funds should be used to support state infastructure projects.,Strongly Agree,Somewhat Agree,Somewhat Disagree,Strongly Disagree,Transportation
All federal/state projects should have an independent ethics officer to ensure that funds are not being misused.,Strongly Agree,Somewhat Agree,Somewhat Disagree,Strongly Disagree,Transportation
It should be easier for Americans to travel abroad.,Strongly Agree,Somewhat Agree,Somewhat Disagree,Strongly Disagree,Transportation
The U.S. government should incentize corporations developing the technology for self driving cars.,Strongly Agree,Somewhat Agree,Somewhat Disagree,Strongly Disagree,Transportation
"Ultimately the best scenario for the U.S. would be a network of solar powered, self-driving cars used as low cost taxis.",Strongly Agree,Somewhat Agree,Somewhat Disagree,Strongly Disagree,Transportation
Federal government should fund major infastructure projects in densly populated cities.,Strongly Agree,Somewhat Agree,Somewhat Disagree,Strongly Disagree,Transportation
Self driving vehicle technology is one of the key technologies of global abundance.,Strongly Agree,Somewhat Agree,Somewhat Disagree,Strongly Disagree,Transportation
Self driving vehicle technology will never work.,Strongly Agree,Somewhat Agree,Somewhat Disagree,Strongly Disagree,Transportation
Iniatives should be introduced to significantly incentize public transportation even more than current.,Strongly Agree,Somewhat Agree,Somewhat Disagree,Strongly Disagree,Transportation
We should continue to provide tax incentives for individuals purchasing electric cars.,Strongly Agree,Somewhat Agree,Somewhat Disagree,Strongly Disagree,Transportation
Airline regulations hurt the industry.,Strongly Agree,Somewhat Agree,Somewhat Disagree,Strongly Disagree,Transportation
"Airline regulations are necessary to ensure that safety, not profit, is the top priority of airlines.",Strongly Agree,Somewhat Agree,Somewhat Disagree,Strongly Disagree,Transportation